{
    "search_services": [
        {
            "id": "baidu",
            "name": "百度",
            "url": "http://www.baidu.com/s?wd=",
            "suffix": "&ie=utf-8"
        },
        {
            "id": "google",
            "name": "谷歌",
            "url": "http://www.google.com/search?q=",
            "suffix": ""
        },
        {
            "id": "googlemirror",
            "name": "谷歌镜像",
            "url": "http://www.acgn.ren/search?q=",
            "suffix": ""
        },
        {
            "id": "googlemirror2",
            "name": "谷歌镜像2",
            "url": "http://google.hbspy.moe/#q=",
            "suffix": ""
        },
        {
            "id": "wikipedia",
            "name": "维基百科",
            "url": "https://zh.wikipedia.org/w/index.php?search=",
            "suffix": ""
        },
        {
            "id": "jd",
            "name": "京东",
            "url": "http://search.jd.com/Search?keyword=",
            "suffix": "&enc=utf-8"
        },
        {
            "id": "taobao",
            "name": "淘宝",
            "url": "https://s.taobao.com/search?q=",
            "suffix": ""
        },
        {
            "id": "weibo",
            "name": "微博",
            "url": "http://s.weibo.com/weibo/",
            "suffix": ""
        },
        {
            "id": "douban",
            "name": "豆瓣",
            "url": "http://www.douban.com/search?q=",
            "suffix": ""
        },
        {
            "id": "panci",
            "name": "胖次",
            "url": "http://www.panc.cc/s/",
            "suffix": "/td_0"
        },
        {
            "id": "github",
            "name": "GitHub",
            "url": "http://github.com/search?q=",
            "suffix": ""
        }
    ]
}